<keymap version="1" name="Default 复制" parent="$default">
  <action id="$Redo">
    <keyboard-shortcut first-keystroke="shift ctrl z" />
    <keyboard-shortcut first-keystroke="ctrl y" />
  </action>
  <action id="AddToFavoritesPopup" />
  <action id="ChooseRunConfiguration" />
  <action id="Console.TableResult.DeleteRows" />
  <action id="CopyElement" />
  <action id="EditorDeleteLine" />
  <action id="IpnbRunAllCellsAction">
    <keyboard-shortcut first-keystroke="ctrl alt f10" />
  </action>
  <action id="ReformatCode">
    <keyboard-shortcut first-keystroke="shift alt f" />
  </action>
  <action id="Run">
    <keyboard-shortcut first-keystroke="ctrl alt f10" />
  </action>
  <action id="RunClass">
    <keyboard-shortcut first-keystroke="f5" />
  </action>
  <action id="UML.ApplyCurrentLayout" />
  <action id="编辑 Redo">
    <keyboard-shortcut first-keystroke="ctrl y" />
  </action>
</keymap>